,
ESS BMS and Battery Module Profile Data
,
Data retrieved: 12/12/2016 @ 06:54:04
,
BMS Software AS version:,0x0206BA42
BMS Software AS checksum:,0x03EC9675
BMS Software OS version:,0x0206BB42
BMS Software OS checksum:,0xDF1C5EF9
,
,
Mfg Data:,0x33,0x36,0x34,0x41,0x31,0x35,0x38,0x33,0x47,0x31,0x30,0x30,0x2D,0x31,0x34,0x46,0x30,0x31,0x35,0x38,0x0,0x0,0x0,0x0,0x0,0x0,0x0,0x0,0x0,0x0,0x0,0x0,,
,
Mfg Data (ASCII): 364A1583G100-14F0158............
,
,
<Battery Current (A)>
,
,< -350.0,-350.0,-340.0,-330.0,-320.0,-310.0,-300.0,-290.0,-280.0,-270.0,-260.0,-250.0,-240.0,-230.0,-220.0,-210.0,-200.0,-190.0,-180.0,-170.0,-160.0,-150.0,-140.0,-130.0,-120.0,-110.0,-100.0,-90.0,-80.0,-70.0,-60.0,-50.0,-40.0,-30.0,-20.0,-10.0,0.0,10.0,20.0,30.0,40.0,50.0,60.0,70.0,80.0,90.0,100.0,110.0,120.0,130.0,140.0,150.0,160.0,170.0,180.0,190.0,200.0,210.0,220.0,230.0,240.0,250.0,260.0,270.0,280.0,290.0,300.0,310.0,320.0,330.0,340.0,>= 350.0,,TOTAL
 ,0,0,0,0,2,6,12,56,179,823,5814,24001,43249,46105,48341,56963,76669,123279,166036,144880,121219,126335,138801,153168,172267,200030,253630,366684,453369,425526,393004,404650,450467,570159,894062,6306295,5134540,1677040,651062,473810,392237,340941,307359,299631,287772,268317,250164,228931,207496,187330,226728,221703,101271,69190,64202,64094,65152,67593,77893,81200,39778,9984,1401,108,22,3,2,2,0,0,0,0,,23963037
<Battery Voltage (V)>
,
,< 450.0,450.0,460.0,470.0,480.0,490.0,500.0,510.0,520.0,530.0,540.0,550.0,560.0,570.0,580.0,590.0,600.0,610.0,620.0,630.0,640.0,650.0,660.0,670.0,680.0,690.0,700.0,710.0,720.0,730.0,740.0,>= 750.0,,TOTAL
 ,170,0,0,0,6,14,41,109,2397,17979,50549,155370,347111,500127,703368,791396,923234,1419820,4936331,8631277,2223317,871290,677589,562995,556234,347060,204782,39874,596,0,1,0,,23963037
<Power (kW)>
,
,< -200.0,-200.0,-190.0,-180.0,-170.0,-160.0,-150.0,-140.0,-130.0,-120.0,-110.0,-100.0,-90.0,-80.0,-70.0,-60.0,-50.0,-40.0,-30.0,-20.0,-10.0,0.0,10.0,20.0,30.0,40.0,50.0,60.0,70.0,80.0,90.0,100.0,110.0,120.0,130.0,140.0,150.0,160.0,170.0,180.0,190.0,>= 200.0,,TOTAL
 ,0,0,0,2,23,200,2938,44716,92868,112907,220629,292528,235054,270846,327888,460106,754724,709074,699666,950251,6523101,6970629,1056337,659894,514837,444566,418353,375791,330449,287308,270406,314761,115016,87736,85981,89531,102521,106335,31500,3462,91,12,,23963037
<A2D Error profile data>
,
,CURRENT,VOLTAGE,POWER,,TOTAL
,0,0,0,,0
,
,
MODULE 1
,
Software AS version:,0x0104CA42
Software AS checksum:,0x7A2CD716
Software OS version:,0x0104CB42
Software OS checksum:,0xC6B5EEBD
,
Mfg Data:,0x33,0x36,0x34,0x41,0x31,0x35,0x38,0x35,0x47,0x33,0x52,0x45,0x56,0x43,0x2D,0x31,0x34,0x46,0x38,0x36,0x30,0x32,0x0,0x0,0x0,0x0,0x0,0x0,0x0,0x0,0x0,0x0,,
,
Mfg Data (ASCII): 364A1585G3REVC-14F8602..........
,
,
A/D Conversion Error Count:,0
,
<Cell Voltages (V)>
,
,< 2.0,2.0,2.2,2.4,2.6,2.8,3.0,3.2,3.4,3.6,3.8,>= 4.0,,TOTAL
CELL 1,0,0,0,14,9308,722509,3158471,16911686,2475206,489793,3,0,,23766990
CELL 2,0,0,0,9,3554,582994,3202971,17157602,2487149,332711,0,0,,23766990
CELL 3,0,0,0,17,19111,866733,3112464,16701386,2445785,621486,8,0,,23766990
CELL 4,0,0,0,9,3566,583623,3203701,17159766,2485464,330861,0,0,,23766990
CELL 5,0,0,0,21,23882,909544,3098868,16640633,2432921,661115,6,0,,23766990
CELL 6,0,0,0,9,4556,603508,3198213,17131517,2485707,343480,0,0,,23766990
CELL 7,0,0,0,20,22039,895757,3102492,16662331,2439075,645271,5,0,,23766990
CELL 8,0,0,0,9,2909,572777,3201786,17181142,2485981,322386,0,0,,23766990
CELL 9,0,0,0,17,18133,861929,3110490,16713088,2445186,618141,6,0,,23766990
CELL 10,0,0,0,9,3183,571686,3203574,17182529,2487540,318469,0,0,,23766990
CELL 11,0,0,0,10,5462,628058,3195087,17086615,2489464,362294,0,0,,23766990
CELL 12,0,0,0,20,14601,799594,3139294,16796489,2471607,545382,3,0,,23766990
,
<Cell Balancers>
,
,Off,On,,TOTAL
CELL 1,22557619,1209371,,23766990
CELL 2,22536667,1230323,,23766990
CELL 3,22544531,1222459,,23766990
CELL 4,22535020,1231970,,23766990
CELL 5,22535510,1231480,,23766990
CELL 6,22528446,1238544,,23766990
CELL 7,22537335,1229655,,23766990
CELL 8,22522741,1244249,,23766990
CELL 9,22524204,1242786,,23766990
CELL 10,22511034,1255956,,23766990
CELL 11,22510908,1256081,,23766989
CELL 12,22521045,1245944,,23766989
,
<Module Temperatures (deg C)>
,
,< -40.0,-40.0,-35.0,-30.0,-25.0,-20.0,-15.0,-10.0,-5.0,0.0,5.0,10.0,15.0,20.0,25.0,30.0,35.0,40.0,45.0,50.0,55.0,60.0,65.0,70.0,75.0,>= 80.0,,TOTAL
TEMP SENSOR 1,0,0,0,0,0,0,0,0,6711,89554,334917,999509,3566141,5820254,7507921,4626947,790031,25005,0,0,0,0,0,0,0,0,,23766990
TEMP SENSOR 2,0,0,0,0,0,0,0,0,5369,74124,282304,707316,1775105,4779012,4142516,9579540,2260176,160747,781,0,0,0,0,0,0,0,,23766990
,
<Module Voltages (V)>
,
,< 24.0,24.0,26.4,28.8,31.2,33.6,36.0,38.4,40.8,43.2,45.6,>= 48.0,,TOTAL
 ,0,0,0,12,10623,744482,3188205,16916195,2447446,460027,0,0,,23766990
,
,
MODULE 2
,
Software AS version:,0x0104CA42
Software AS checksum:,0x7A2CD716
Software OS version:,0x0104CB42
Software OS checksum:,0xC6B5EEBD
,
Mfg Data:,0x33,0x36,0x34,0x41,0x31,0x35,0x38,0x35,0x47,0x33,0x52,0x45,0x56,0x43,0x2D,0x31,0x34,0x46,0x38,0x36,0x31,0x30,0x0,0x0,0x0,0x0,0x0,0x0,0x0,0x0,0x0,0x0,,
,
Mfg Data (ASCII): 364A1585G3REVC-14F8610..........
,
,
A/D Conversion Error Count:,0
,
<Cell Voltages (V)>
,
,< 2.0,2.0,2.2,2.4,2.6,2.8,3.0,3.2,3.4,3.6,3.8,>= 4.0,,TOTAL
CELL 1,0,0,0,16,11985,773189,3141571,16851519,2468967,519828,0,0,,23767075
CELL 2,0,0,0,10,3373,585554,3206354,17164436,2484750,322598,0,0,,23767075
CELL 3,0,0,0,14,16190,847411,3116600,16745757,2444575,596526,2,0,,23767075
CELL 4,0,0,0,6,1622,531451,3217336,17257729,2477852,281079,0,0,,23767075
CELL 5,0,0,0,12,14980,832954,3122447,16772652,2442625,581405,0,0,,23767075
CELL 6,0,0,0,6,1726,541929,3214454,17242116,2478162,288682,0,0,,23767075
CELL 7,0,0,0,11,18044,864878,3114192,16724695,2438424,606829,2,0,,23767075
CELL 8,0,0,0,6,1756,548709,3211203,17235284,2478118,291999,0,0,,23767075
CELL 9,0,0,0,11,16201,847609,3119287,16745567,2441534,596866,0,0,,23767075
CELL 10,0,0,0,7,1518,520002,3224071,17275448,2478764,267265,0,0,,23767075
CELL 11,0,0,0,9,2447,542045,3219748,17239813,2481370,281643,0,0,,23767075
CELL 12,0,0,0,12,7714,706533,3165744,16950513,2473378,463181,0,0,,23767075
,
<Cell Balancers>
,
,Off,On,,TOTAL
CELL 1,22606066,1161009,,23767075
CELL 2,22583333,1183742,,23767075
CELL 3,22590224,1176851,,23767075
CELL 4,22576871,1190204,,23767075
CELL 5,22576469,1190606,,23767075
CELL 6,22566592,1200483,,23767075
CELL 7,22574739,1192336,,23767075
CELL 8,22562513,1204562,,23767075
CELL 9,22562092,1204983,,23767075
CELL 10,22538083,1228992,,23767075
CELL 11,22533443,1233631,,23767074
CELL 12,22559546,1207528,,23767074
,
<Module Temperatures (deg C)>
,
,< -40.0,-40.0,-35.0,-30.0,-25.0,-20.0,-15.0,-10.0,-5.0,0.0,5.0,10.0,15.0,20.0,25.0,30.0,35.0,40.0,45.0,50.0,55.0,60.0,65.0,70.0,75.0,>= 80.0,,TOTAL
TEMP SENSOR 1,0,0,0,0,0,0,0,0,6159,86704,335128,1013372,3912846,6009236,7510868,4183531,695848,13383,0,0,0,0,0,0,0,0,,23767075
TEMP SENSOR 2,0,0,0,0,0,0,0,0,1569,37327,157060,494993,1137166,2982599,4943450,4055684,9239191,699598,18438,0,0,0,0,0,0,0,,23767075
,
<Module Voltages (V)>
,
,< 24.0,24.0,26.4,28.8,31.2,33.6,36.0,38.4,40.8,43.2,45.6,>= 48.0,,TOTAL
 ,0,0,0,10,8320,730910,3248535,16963513,2413268,402519,0,0,,23767075
,
,
MODULE 3
,
Software AS version:,0x0104CA42
Software AS checksum:,0x7A2CD716
Software OS version:,0x0104CB42
Software OS checksum:,0xC6B5EEBD
,
Mfg Data:,0x30,0x30,0x33,0x39,0x2D,0x31,0x36,0x30,0x39,0x2D,0x30,0x30,0x35,0x2D,0x34,0x30,0x32,0x33,0x33,0x35,0x2D,0x30,0x30,0x37,0x31,0x30,0x0,0x10,0x8,0x6,0x6,0x6,,
,
Mfg Data (ASCII): 0039-1609-005-402335-00710......
,
,
A/D Conversion Error Count:,0
,
<Cell Voltages (V)>
,
,< 2.0,2.0,2.2,2.4,2.6,2.8,3.0,3.2,3.4,3.6,3.8,>= 4.0,,TOTAL
CELL 1,0,0,0,0,0,16017,619094,2802346,434635,8524,0,0,,3880616
CELL 2,0,0,0,0,0,5129,591634,2882534,400749,570,0,0,,3880616
CELL 3,0,0,0,0,0,29596,629791,2757802,437482,25945,0,0,,3880616
CELL 4,0,0,0,0,0,4903,592058,2882292,401024,339,0,0,,3880616
CELL 5,0,0,0,0,0,30971,629892,2755135,436884,27734,0,0,,3880616
CELL 6,0,0,0,0,0,4416,588953,2889068,397949,230,0,0,,3880616
CELL 7,0,0,0,0,0,32025,630192,2752308,437037,29054,0,0,,3880616
CELL 8,0,0,0,0,0,4532,589975,2886357,399521,231,0,0,,3880616
CELL 9,0,0,0,0,0,33216,630060,2749632,436628,31080,0,0,,3880616
CELL 10,0,0,0,0,0,4858,591221,2883927,400321,289,0,0,,3880616
CELL 11,0,0,0,0,0,6496,598766,2865688,408863,803,0,0,,3880616
CELL 12,0,0,0,0,0,18534,622396,2791213,437748,10725,0,0,,3880616
,
<Cell Balancers>
,
,Off,On,,TOTAL
CELL 1,3463723,416893,,3880616
CELL 2,3458285,422331,,3880616
CELL 3,3459618,420998,,3880616
CELL 4,3456856,423760,,3880616
CELL 5,3456311,424305,,3880616
CELL 6,3454346,426270,,3880616
CELL 7,3455823,424793,,3880616
CELL 8,3451923,428693,,3880616
CELL 9,3451691,428925,,3880616
CELL 10,3449143,431473,,3880616
CELL 11,3449580,431036,,3880616
CELL 12,3452110,428506,,3880616
,
<Module Temperatures (deg C)>
,
,< -40.0,-40.0,-35.0,-30.0,-25.0,-20.0,-15.0,-10.0,-5.0,0.0,5.0,10.0,15.0,20.0,25.0,30.0,35.0,40.0,45.0,50.0,55.0,60.0,65.0,70.0,75.0,>= 80.0,,TOTAL
TEMP SENSOR 1,0,0,0,0,0,0,0,0,0,4147,19175,46651,119405,394010,1708155,1294478,282838,11725,32,0,0,0,0,0,0,0,,3880616
TEMP SENSOR 2,0,0,0,0,0,0,0,0,0,3798,27981,60203,135083,194098,147838,1591978,1620733,97471,1433,0,0,0,0,0,0,0,,3880616
,
<Module Voltages (V)>
,
,< 24.0,24.0,26.4,28.8,31.2,33.6,36.0,38.4,40.8,43.2,45.6,>= 48.0,,TOTAL
 ,0,0,0,0,0,14146,628612,2814006,419926,3926,0,0,,3880616
,
,
MODULE 4
,
Software AS version:,0x0104CA42
Software AS checksum:,0x7A2CD716
Software OS version:,0x0104CB42
Software OS checksum:,0xC6B5EEBD
,
Mfg Data:,0x33,0x36,0x34,0x41,0x31,0x35,0x38,0x35,0x47,0x33,0x52,0x45,0x56,0x43,0x2D,0x31,0x34,0x46,0x38,0x38,0x37,0x38,0x0,0x0,0x0,0x0,0x0,0x0,0x0,0x0,0x0,0x0,,
,
Mfg Data (ASCII): 364A1585G3REVC-14F8878..........
,
,
A/D Conversion Error Count:,0
,
<Cell Voltages (V)>
,
,< 2.0,2.0,2.2,2.4,2.6,2.8,3.0,3.2,3.4,3.6,3.8,>= 4.0,,TOTAL
CELL 1,0,0,0,26,23370,921273,3093767,16603234,2461048,660812,95,0,,23763625
CELL 2,0,0,0,17,9336,716291,3170898,16939329,2485490,442259,5,0,,23763625
CELL 3,0,0,0,29,32038,999125,3060526,16502923,2413610,755124,250,0,,23763625
CELL 4,0,0,0,11,7219,685171,3176197,16999610,2479279,416137,1,0,,23763625
CELL 5,0,0,0,27,30223,986239,3066995,16520760,2416203,742892,286,0,,23763625
CELL 6,0,0,0,11,7098,682053,3177726,17005829,2480123,410783,2,0,,23763625
CELL 7,0,0,0,26,27108,962290,3074124,16559978,2425016,714900,183,0,,23763625
CELL 8,0,0,0,11,5451,649477,3186024,17054902,2480452,387305,3,0,,23763625
CELL 9,0,0,0,24,25620,956060,3077708,16567588,2431272,705171,182,0,,23763625
CELL 10,0,0,0,11,6083,668156,3187551,17021178,2485208,395435,3,0,,23763625
CELL 11,0,0,0,14,8756,720483,3169455,16943745,2482852,438310,10,0,,23763625
CELL 12,0,0,0,22,18380,875229,3111108,16677324,2468406,613053,103,0,,23763625
,
<Cell Balancers>
,
,Off,On,,TOTAL
CELL 1,22446551,1317074,,23763625
CELL 2,22417728,1345897,,23763625
CELL 3,22421091,1342534,,23763625
CELL 4,22409981,1353644,,23763625
CELL 5,22408840,1354785,,23763625
CELL 6,22397340,1366285,,23763625
CELL 7,22403181,1360444,,23763625
CELL 8,22379014,1384611,,23763625
CELL 9,22380176,1383449,,23763625
CELL 10,22357673,1405952,,23763625
CELL 11,22352230,1411394,,23763624
CELL 12,22387486,1376138,,23763624
,
<Module Temperatures (deg C)>
,
,< -40.0,-40.0,-35.0,-30.0,-25.0,-20.0,-15.0,-10.0,-5.0,0.0,5.0,10.0,15.0,20.0,25.0,30.0,35.0,40.0,45.0,50.0,55.0,60.0,65.0,70.0,75.0,>= 80.0,,TOTAL
TEMP SENSOR 1,0,0,0,0,0,0,0,0,2759,46536,201828,637431,2175599,5445733,6332828,6666819,2167746,86246,100,0,0,0,0,0,0,0,,23763625
TEMP SENSOR 2,0,0,0,0,0,0,0,0,1582,36584,147799,455233,978784,2239717,4955394,3381982,9933404,1585419,47727,0,0,0,0,0,0,0,,23763625
,
<Module Voltages (V)>
,
,< 24.0,24.0,26.4,28.8,31.2,33.6,36.0,38.4,40.8,43.2,45.6,>= 48.0,,TOTAL
 ,0,0,0,15,16682,872620,3186157,16736737,2420407,530989,18,0,,23763625
,
,
MODULE 5
,
Software AS version:,0x0104CA42
Software AS checksum:,0x7A2CD716
Software OS version:,0x0104CB42
Software OS checksum:,0xC6B5EEBD
,
Mfg Data:,0x33,0x36,0x34,0x41,0x31,0x35,0x38,0x35,0x47,0x33,0x52,0x45,0x56,0x43,0x2D,0x31,0x34,0x46,0x38,0x36,0x30,0x33,0x0,0x0,0x0,0x0,0x0,0x0,0x0,0x0,0x0,0x0,,
,
Mfg Data (ASCII): 364A1585G3REVC-14F8603..........
,
,
A/D Conversion Error Count:,0
,
<Cell Voltages (V)>
,
,< 2.0,2.0,2.2,2.4,2.6,2.8,3.0,3.2,3.4,3.6,3.8,>= 4.0,,TOTAL
CELL 1,0,0,0,10,5767,674710,3160720,17000447,2473724,451701,0,0,,23767079
CELL 2,0,0,0,5,928,476220,3220000,17346533,2481457,241936,0,0,,23767079
CELL 3,0,0,0,11,11613,793653,3126900,16819896,2448961,566043,2,0,,23767079
CELL 4,0,0,0,5,704,467914,3220257,17366599,2476475,235125,0,0,,23767079
CELL 5,0,0,0,10,10802,781842,3130129,16842370,2445943,555982,1,0,,23767079
CELL 6,0,0,0,6,771,483491,3215379,17342113,2475560,249759,0,0,,23767079
CELL 7,0,0,0,8,11521,792205,3125304,16833510,2445050,559480,1,0,,23767079
CELL 8,0,0,0,6,874,488710,3213394,17333304,2476488,254303,0,0,,23767079
CELL 9,0,0,0,10,11862,796693,3122631,16825081,2445309,565493,0,0,,23767079
CELL 10,0,0,0,6,1105,501631,3216798,17301426,2482402,263711,0,0,,23767079
CELL 11,0,0,0,7,1868,552513,3206359,17215587,2483095,307650,0,0,,23767079
CELL 12,0,0,0,13,7715,699665,3158266,16954402,2476475,470543,0,0,,23767079
,
<Cell Balancers>
,
,Off,On,,TOTAL
CELL 1,22268812,1498267,,23767079
CELL 2,22229585,1537494,,23767079
CELL 3,22246660,1520419,,23767079
CELL 4,22229136,1537943,,23767079
CELL 5,22237723,1529356,,23767079
CELL 6,22220176,1546903,,23767079
CELL 7,22234302,1532777,,23767079
CELL 8,22219480,1547599,,23767079
CELL 9,22228010,1539069,,23767079
CELL 10,22213488,1553591,,23767079
CELL 11,22216594,1550484,,23767078
CELL 12,22240981,1526097,,23767078
,
<Module Temperatures (deg C)>
,
,< -40.0,-40.0,-35.0,-30.0,-25.0,-20.0,-15.0,-10.0,-5.0,0.0,5.0,10.0,15.0,20.0,25.0,30.0,35.0,40.0,45.0,50.0,55.0,60.0,65.0,70.0,75.0,>= 80.0,,TOTAL
TEMP SENSOR 1,0,0,0,0,0,0,0,0,4399,53583,242554,780029,2894272,5689077,7196298,5501299,1371736,33795,37,0,0,0,0,0,0,0,,23767079
TEMP SENSOR 2,0,0,0,0,0,0,0,0,1544,29038,136474,427060,958104,2152835,5041994,3449634,9978397,1539951,52048,0,0,0,0,0,0,0,,23767079
,
<Module Voltages (V)>
,
,< 24.0,24.0,26.4,28.8,31.2,33.6,36.0,38.4,40.8,43.2,45.6,>= 48.0,,TOTAL
 ,0,0,0,9,4452,656633,3214605,17060748,2441655,388977,0,0,,23767079
,
,
MODULE 6
,
Software AS version:,0x0104CA42
Software AS checksum:,0x7A2CD716
Software OS version:,0x0104CB42
Software OS checksum:,0xC6B5EEBD
,
Mfg Data:,0x33,0x36,0x34,0x41,0x31,0x35,0x38,0x35,0x47,0x33,0x52,0x45,0x56,0x43,0x2D,0x31,0x34,0x46,0x38,0x36,0x30,0x35,0x0,0x0,0x0,0x0,0x0,0x0,0x0,0x0,0x0,0x0,,
,
Mfg Data (ASCII): 364A1585G3REVC-14F8605..........
,
,
A/D Conversion Error Count:,0
,
<Cell Voltages (V)>
,
,< 2.0,2.0,2.2,2.4,2.6,2.8,3.0,3.2,3.4,3.6,3.8,>= 4.0,,TOTAL
CELL 1,0,0,0,11,8638,716053,3160064,16922347,2471377,485863,1,0,,23764354
CELL 2,0,0,0,7,1946,536116,3219709,17230743,2483599,292234,0,0,,23764354
CELL 3,0,0,0,10,12147,799340,3135426,16803766,2445746,567917,2,0,,23764354
CELL 4,0,0,0,6,1213,509987,3220678,17289580,2475141,267749,0,0,,23764354
CELL 5,0,0,0,9,12455,805647,3131948,16801867,2441485,570941,2,0,,23764354
CELL 6,0,0,0,6,952,484381,3227832,17336465,2472249,242469,0,0,,23764354
CELL 7,0,0,0,9,10532,785759,3137374,16843658,2443746,543275,1,0,,23764354
CELL 8,0,0,0,6,964,486370,3226677,17336584,2472311,241442,0,0,,23764354
CELL 9,0,0,0,9,12236,812295,3126941,16806471,2443278,563123,1,0,,23764354
CELL 10,0,0,0,6,1441,524744,3218518,17281932,2475534,262179,0,0,,23764354
CELL 11,0,0,0,6,1983,537727,3219129,17257569,2477541,270399,0,0,,23764354
CELL 12,0,0,0,10,9390,742715,3148954,16901038,2470123,492123,1,0,,23764354
,
<Cell Balancers>
,
,Off,On,,TOTAL
CELL 1,22544856,1219498,,23764354
CELL 2,22511407,1252947,,23764354
CELL 3,22524588,1239766,,23764354
CELL 4,22504919,1259435,,23764354
CELL 5,22511473,1252881,,23764354
CELL 6,22483182,1281172,,23764354
CELL 7,22492111,1272243,,23764354
CELL 8,22471757,1292597,,23764354
CELL 9,22475421,1288933,,23764354
CELL 10,22450564,1313790,,23764354
CELL 11,22447268,1317085,,23764353
CELL 12,22482693,1281660,,23764353
,
<Module Temperatures (deg C)>
,
,< -40.0,-40.0,-35.0,-30.0,-25.0,-20.0,-15.0,-10.0,-5.0,0.0,5.0,10.0,15.0,20.0,25.0,30.0,35.0,40.0,45.0,50.0,55.0,60.0,65.0,70.0,75.0,>= 80.0,,TOTAL
TEMP SENSOR 1,0,0,0,0,0,0,0,0,4022,58545,221816,705958,2151709,5437163,6075300,7121565,1920071,68142,63,0,0,0,0,0,0,0,,23764354
TEMP SENSOR 2,0,0,0,0,0,0,0,0,4061,59907,206577,572349,1201872,2927593,4820985,3469068,9686193,799359,16390,0,0,0,0,0,0,0,,23764354
,
<Module Voltages (V)>
,
,< 24.0,24.0,26.4,28.8,31.2,33.6,36.0,38.4,40.8,43.2,45.6,>= 48.0,,TOTAL
 ,0,0,0,9,5201,672638,3209047,17032080,2445541,399837,1,0,,23764354
,
,
MODULE 7
,
Software AS version:,0x0104CA42
Software AS checksum:,0x7A2CD716
Software OS version:,0x0104CB42
Software OS checksum:,0xC6B5EEBD
,
Mfg Data:,0x33,0x36,0x34,0x41,0x31,0x35,0x38,0x35,0x47,0x33,0x52,0x45,0x56,0x43,0x2D,0x31,0x34,0x46,0x38,0x36,0x30,0x34,0x0,0x0,0x0,0x0,0x0,0x0,0x0,0x0,0x0,0x0,,
,
Mfg Data (ASCII): 364A1585G3REVC-14F8604..........
,
,
A/D Conversion Error Count:,0
,
<Cell Voltages (V)>
,
,< 2.0,2.0,2.2,2.4,2.6,2.8,3.0,3.2,3.4,3.6,3.8,>= 4.0,,TOTAL
CELL 1,0,0,0,11,5485,682598,3169057,16991733,2467494,448013,0,0,,23764391
CELL 2,0,0,0,6,1479,516763,3226632,17271466,2479112,268933,0,0,,23764391
CELL 3,0,0,0,10,10634,788352,3139008,16836530,2444122,545735,0,0,,23764391
CELL 4,0,0,0,5,1124,506658,3226849,17296071,2472911,260773,0,0,,23764391
CELL 5,0,0,0,10,11236,791661,3137955,16836893,2440309,546326,1,0,,23764391
CELL 6,0,0,0,6,1036,497215,3228604,17314574,2471415,251541,0,0,,23764391
CELL 7,0,0,0,10,11881,804872,3132579,16817812,2438718,558518,1,0,,23764391
CELL 8,0,0,0,6,1105,510429,3221651,17299142,2470634,261424,0,0,,23764391
CELL 9,0,0,0,10,12504,811527,3129446,16807951,2439747,563206,0,0,,23764391
CELL 10,0,0,0,6,1298,525600,3221601,17268026,2474953,272907,0,0,,23764391
CELL 11,0,0,0,8,2692,584754,3207213,17172849,2477859,319016,0,0,,23764391
CELL 12,0,0,0,13,9483,736380,3156531,16901592,2468311,492081,0,0,,23764391
,
<Cell Balancers>
,
,Off,On,,TOTAL
CELL 1,22598934,1165457,,23764391
CELL 2,22576197,1188194,,23764391
CELL 3,22584812,1179579,,23764391
CELL 4,22574644,1189747,,23764391
CELL 5,22577538,1186853,,23764391
CELL 6,22568447,1195944,,23764391
CELL 7,22577202,1187189,,23764391
CELL 8,22562347,1202044,,23764391
CELL 9,22566750,1197641,,23764391
CELL 10,22562764,1201627,,23764391
CELL 11,22557227,1207163,,23764390
CELL 12,22581645,1182745,,23764390
,
<Module Temperatures (deg C)>
,
,< -40.0,-40.0,-35.0,-30.0,-25.0,-20.0,-15.0,-10.0,-5.0,0.0,5.0,10.0,15.0,20.0,25.0,30.0,35.0,40.0,45.0,50.0,55.0,60.0,65.0,70.0,75.0,>= 80.0,,TOTAL
TEMP SENSOR 1,0,0,0,0,0,0,0,0,5200,64664,258329,831298,3067078,5627394,7183508,5335204,1361477,30204,35,0,0,0,0,0,0,0,,23764391
TEMP SENSOR 2,0,0,0,0,0,0,0,0,2009,44905,173572,499436,1081604,2620783,4944619,3331628,9953892,1086390,25553,0,0,0,0,0,0,0,,23764391
,
<Module Voltages (V)>
,
,< 24.0,24.0,26.4,28.8,31.2,33.6,36.0,38.4,40.8,43.2,45.6,>= 48.0,,TOTAL
 ,0,0,0,9,4959,664839,3195871,17045743,2449442,403528,0,0,,23764391
,
,
MODULE 8
,
Software AS version:,0x0104CA42
Software AS checksum:,0x7A2CD716
Software OS version:,0x0104CB42
Software OS checksum:,0xC6B5EEBD
,
Mfg Data:,0x33,0x36,0x34,0x41,0x31,0x35,0x38,0x35,0x47,0x33,0x52,0x45,0x56,0x43,0x2D,0x31,0x34,0x46,0x38,0x38,0x37,0x35,0x0,0x0,0x0,0x0,0x0,0x0,0x0,0x0,0x0,0x0,,
,
Mfg Data (ASCII): 364A1585G3REVC-14F8875..........
,
,
A/D Conversion Error Count:,0
,
<Cell Voltages (V)>
,
,< 2.0,2.0,2.2,2.4,2.6,2.8,3.0,3.2,3.4,3.6,3.8,>= 4.0,,TOTAL
CELL 1,0,0,0,15,13623,809453,3123775,16800444,2462545,553656,2,0,,23763513
CELL 2,0,0,0,8,3448,609891,3193843,17130436,2478834,347053,0,0,,23763513
CELL 3,0,0,0,13,18191,880567,3098711,16702035,2434943,629044,9,0,,23763513
CELL 4,0,0,0,8,2104,576327,3198565,17192710,2472104,321695,0,0,,23763513
CELL 5,0,0,0,11,16903,867836,3104034,16722572,2432754,619395,8,0,,23763513
CELL 6,0,0,0,6,1382,539652,3207342,17254294,2470940,289897,0,0,,23763513
CELL 7,0,0,0,12,17183,877214,3098330,16719685,2432292,618789,8,0,,23763513
CELL 8,0,0,0,5,1487,548546,3204736,17236693,2471818,300228,0,0,,23763513
CELL 9,0,0,0,12,17317,878202,3100337,16705963,2433926,627746,10,0,,23763513
CELL 10,0,0,0,6,1919,563337,3205285,17208963,2475260,308743,0,0,,23763513
CELL 11,0,0,0,6,2704,589194,3198810,17169496,2477423,325880,0,0,,23763513
CELL 12,0,0,0,14,10290,759240,3143932,16874073,2467900,508063,1,0,,23763513
,
<Cell Balancers>
,
,Off,On,,TOTAL
CELL 1,22434761,1328752,,23763513
CELL 2,22403021,1360492,,23763513
CELL 3,22410328,1353185,,23763513
CELL 4,22398008,1365505,,23763513
CELL 5,22400531,1362982,,23763513
CELL 6,22375769,1387744,,23763513
CELL 7,22384130,1379383,,23763513
CELL 8,22374017,1389496,,23763513
CELL 9,22380092,1383421,,23763513
CELL 10,22355790,1407723,,23763513
CELL 11,22351399,1412113,,23763512
CELL 12,22381690,1381822,,23763512
,
<Module Temperatures (deg C)>
,
,< -40.0,-40.0,-35.0,-30.0,-25.0,-20.0,-15.0,-10.0,-5.0,0.0,5.0,10.0,15.0,20.0,25.0,30.0,35.0,40.0,45.0,50.0,55.0,60.0,65.0,70.0,75.0,>= 80.0,,TOTAL
TEMP SENSOR 1,0,0,0,0,0,0,0,0,5590,70686,269727,856597,3137744,5597155,7366677,5230181,1204102,25046,8,0,0,0,0,0,0,0,,23763513
TEMP SENSOR 2,0,0,0,0,0,0,0,0,1799,42412,158173,475379,1004040,2162087,4890712,3410046,9715029,1846613,57223,0,0,0,0,0,0,0,,23763513
,
<Module Voltages (V)>
,
,< 24.0,24.0,26.4,28.8,31.2,33.6,36.0,38.4,40.8,43.2,45.6,>= 48.0,,TOTAL
 ,0,0,0,9,9088,760986,3225825,16932543,2405108,429954,0,0,,23763513
,
,
MODULE 9
,
Software AS version:,0x0104CA42
Software AS checksum:,0x7A2CD716
Software OS version:,0x0104CB42
Software OS checksum:,0xC6B5EEBD
,
Mfg Data:,0x33,0x36,0x34,0x41,0x31,0x35,0x38,0x35,0x47,0x33,0x52,0x45,0x56,0x43,0x2D,0x31,0x34,0x46,0x38,0x38,0x37,0x36,0x0,0x0,0x0,0x0,0x0,0x0,0x0,0x0,0x0,0x0,,
,
Mfg Data (ASCII): 364A1585G3REVC-14F8876..........
,
,
A/D Conversion Error Count:,0
,
<Cell Voltages (V)>
,
,< 2.0,2.0,2.2,2.4,2.6,2.8,3.0,3.2,3.4,3.6,3.8,>= 4.0,,TOTAL
CELL 1,0,0,0,11,10716,767476,3135909,16854366,2469932,524992,6,0,,23763408
CELL 2,0,0,0,7,2515,573969,3199801,17181784,2481239,324093,0,0,,23763408
CELL 3,0,0,0,10,16471,864727,3102722,16719685,2439505,620274,14,0,,23763408
CELL 4,0,0,0,7,2040,564945,3200267,17201155,2476604,318390,0,0,,23763408
CELL 5,0,0,0,10,16800,866599,3102112,16720107,2434239,623528,13,0,,23763408
CELL 6,0,0,0,7,2227,570921,3197934,17198484,2476390,317445,0,0,,23763408
CELL 7,0,0,0,9,15702,858642,3102429,16736810,2436363,613442,11,0,,23763408
CELL 8,0,0,0,7,1818,558869,3197874,17219262,2475811,309767,0,0,,23763408
CELL 9,0,0,0,10,17939,880709,3094631,16699600,2435006,635502,11,0,,23763408
CELL 10,0,0,0,7,2643,595760,3192800,17153044,2478836,340318,0,0,,23763408
CELL 11,0,0,0,8,5186,657826,3175416,17067521,2477192,380259,0,0,,23763408
CELL 12,0,0,0,12,12623,796751,3127540,16813861,2465318,547297,6,0,,23763408
,
<Cell Balancers>
,
,Off,On,,TOTAL
CELL 1,22346473,1416935,,23763408
CELL 2,22304519,1458889,,23763408
CELL 3,22316655,1446753,,23763408
CELL 4,22306482,1456926,,23763408
CELL 5,22308397,1455011,,23763408
CELL 6,22283529,1479879,,23763408
CELL 7,22303334,1460074,,23763408
CELL 8,22286070,1477338,,23763408
CELL 9,22293739,1469669,,23763408
CELL 10,22265140,1498268,,23763408
CELL 11,22248558,1514849,,23763407
CELL 12,22303488,1459919,,23763407
,
<Module Temperatures (deg C)>
,
,< -40.0,-40.0,-35.0,-30.0,-25.0,-20.0,-15.0,-10.0,-5.0,0.0,5.0,10.0,15.0,20.0,25.0,30.0,35.0,40.0,45.0,50.0,55.0,60.0,65.0,70.0,75.0,>= 80.0,,TOTAL
TEMP SENSOR 1,0,0,0,0,0,0,0,0,3017,50069,212302,656739,2400007,5569164,6757975,6237775,1820731,55549,75,3,2,0,0,0,0,0,,23763408
TEMP SENSOR 2,0,0,0,0,0,0,0,0,1762,44023,167777,481519,1029566,2365688,4923830,3289628,9955264,1464386,39964,1,0,0,0,0,0,0,,23763408
,
<Module Voltages (V)>
,
,< 24.0,24.0,26.4,28.8,31.2,33.6,36.0,38.4,40.8,43.2,45.6,>= 48.0,,TOTAL
 ,0,0,0,8,9035,753492,3201464,16928730,2423629,447049,1,0,,23763408
,
,
MODULE 10
,
Software AS version:,0x0104CA42
Software AS checksum:,0x7A2CD716
Software OS version:,0x0104CB42
Software OS checksum:,0xC6B5EEBD
,
Mfg Data:,0x33,0x36,0x34,0x41,0x31,0x35,0x38,0x35,0x47,0x33,0x52,0x45,0x56,0x43,0x2D,0x31,0x34,0x46,0x38,0x38,0x37,0x32,0x0,0x0,0x0,0x0,0x0,0x0,0x0,0x0,0x0,0x0,,
,
Mfg Data (ASCII): 364A1585G3REVC-14F8872..........
,
,
A/D Conversion Error Count:,0
,
<Cell Voltages (V)>
,
,< 2.0,2.0,2.2,2.4,2.6,2.8,3.0,3.2,3.4,3.6,3.8,>= 4.0,,TOTAL
CELL 1,0,0,0,26,20827,895693,3099191,16647017,2464748,636085,74,0,,23763661
CELL 2,0,0,0,15,7295,682349,3179338,16998030,2485991,410641,2,0,,23763661
CELL 3,0,0,0,27,27904,971606,3070243,16546389,2428105,719223,164,0,,23763661
CELL 4,0,0,0,13,7406,693921,3170876,16990499,2478323,422622,1,0,,23763661
CELL 5,0,0,0,24,23756,937576,3080132,16609250,2433847,678998,78,0,,23763661
CELL 6,0,0,0,13,5935,663428,3181958,17037502,2479438,395386,1,0,,23763661
CELL 7,0,0,0,25,24599,949821,3075188,16594366,2431542,688013,107,0,,23763661
CELL 8,0,0,0,13,5839,662035,3185011,17043247,2480627,386888,1,0,,23763661
CELL 9,0,0,0,26,26095,962166,3074267,16566470,2431606,702869,162,0,,23763661
CELL 10,0,0,0,14,7092,691415,3178778,16997252,2481165,407943,2,0,,23763661
CELL 11,0,0,0,17,8632,720270,3175888,16957358,2481743,419749,4,0,,23763661
CELL 12,0,0,0,22,18065,871728,3115513,16684630,2472824,600811,68,0,,23763661
,
<Cell Balancers>
,
,Off,On,,TOTAL
CELL 1,22295424,1468237,,23763661
CELL 2,22257222,1506439,,23763661
CELL 3,22263673,1499988,,23763661
CELL 4,22251959,1511702,,23763661
CELL 5,22247721,1515940,,23763661
CELL 6,22236073,1527588,,23763661
CELL 7,22242785,1520876,,23763661
CELL 8,22223118,1540543,,23763661
CELL 9,22229083,1534578,,23763661
CELL 10,22205360,1558301,,23763661
CELL 11,22194483,1569177,,23763660
CELL 12,22237376,1526284,,23763660
,
<Module Temperatures (deg C)>
,
,< -40.0,-40.0,-35.0,-30.0,-25.0,-20.0,-15.0,-10.0,-5.0,0.0,5.0,10.0,15.0,20.0,25.0,30.0,35.0,40.0,45.0,50.0,55.0,60.0,65.0,70.0,75.0,>= 80.0,,TOTAL
TEMP SENSOR 1,0,0,0,0,0,0,0,0,3537,53815,222069,698563,2311107,5455494,6261090,6694984,2005277,57656,68,1,0,0,0,0,0,0,,23763661
TEMP SENSOR 2,0,0,0,0,0,0,0,0,2036,46563,176641,506852,1053368,2404840,4835710,3370335,9824093,1505536,37687,0,0,0,0,0,0,0,,23763661
,
<Module Voltages (V)>
,
,< 24.0,24.0,26.4,28.8,31.2,33.6,36.0,38.4,40.8,43.2,45.6,>= 48.0,,TOTAL
 ,0,0,0,16,15138,847808,3168269,16771887,2433303,527219,21,0,,23763661
,
,
MODULE 11
,
Software AS version:,0x0104CA42
Software AS checksum:,0x7A2CD716
Software OS version:,0x0104CB42
Software OS checksum:,0xC6B5EEBD
,
Mfg Data:,0x33,0x36,0x34,0x41,0x31,0x35,0x38,0x35,0x47,0x33,0x52,0x45,0x56,0x43,0x2D,0x31,0x34,0x46,0x38,0x38,0x37,0x34,0x0,0x0,0x0,0x0,0x0,0x0,0x0,0x0,0x0,0x0,,
,
Mfg Data (ASCII): 364A1585G3REVC-14F8874..........
,
,
A/D Conversion Error Count:,0
,
<Cell Voltages (V)>
,
,< 2.0,2.0,2.2,2.4,2.6,2.8,3.0,3.2,3.4,3.6,3.8,>= 4.0,,TOTAL
CELL 1,0,0,0,23,17352,859764,3110534,16730943,2471386,573480,21,0,,23763503
CELL 2,0,0,0,13,7156,670982,3169693,17058262,2490146,367251,0,0,,23763503
CELL 3,0,0,0,23,23637,938405,3071156,16625695,2441806,662733,48,0,,23763503
CELL 4,0,0,0,11,5121,633274,3174722,17121561,2483535,345279,0,0,,23763503
CELL 5,0,0,0,19,21754,920871,3075130,16660109,2439000,646596,24,0,,23763503
CELL 6,0,0,0,11,6051,659766,3170112,17083590,2482136,361837,0,0,,23763503
CELL 7,0,0,0,21,25024,957086,3063867,16616774,2425833,674857,41,0,,23763503
CELL 8,0,0,0,11,5882,656938,3168180,17090116,2481968,360408,0,0,,23763503
CELL 9,0,0,0,22,24638,951132,3063858,16613409,2430833,679575,36,0,,23763503
CELL 10,0,0,0,13,8686,712188,3166642,16987850,2484800,403324,0,0,,23763503
CELL 11,0,0,0,26,13385,790065,3166438,16851862,2485245,456457,25,0,,23763503
CELL 12,0,0,0,25,22959,928169,3096515,16611994,2462649,641071,121,0,,23763503
,
<Cell Balancers>
,
,Off,On,,TOTAL
CELL 1,22270601,1492902,,23763503
CELL 2,22259480,1504023,,23763503
CELL 3,22317120,1446383,,23763503
CELL 4,22299839,1463664,,23763503
CELL 5,22315623,1447880,,23763503
CELL 6,22262288,1501215,,23763503
CELL 7,22272550,1490953,,23763503
CELL 8,22263551,1499952,,23763503
CELL 9,22279620,1483883,,23763503
CELL 10,22219591,1543912,,23763503
CELL 11,22241629,1521873,,23763502
CELL 12,22244216,1519286,,23763502
,
<Module Temperatures (deg C)>
,
,< -40.0,-40.0,-35.0,-30.0,-25.0,-20.0,-15.0,-10.0,-5.0,0.0,5.0,10.0,15.0,20.0,25.0,30.0,35.0,40.0,45.0,50.0,55.0,60.0,65.0,70.0,75.0,>= 80.0,,TOTAL
TEMP SENSOR 1,0,0,0,0,0,0,0,0,2943,48328,205462,661279,2437439,5572103,6784171,6147672,1853378,50664,64,0,0,0,0,0,0,0,,23763503
TEMP SENSOR 2,0,0,0,0,0,0,0,0,1605,40566,151542,468415,1017079,2283833,5009654,3324120,10072440,1359672,34577,0,0,0,0,0,0,0,,23763503
,
<Module Voltages (V)>
,
,< 24.0,24.0,26.4,28.8,31.2,33.6,36.0,38.4,40.8,43.2,45.6,>= 48.0,,TOTAL
 ,0,0,0,17,15038,843298,3166328,16799983,2434818,504012,9,0,,23763503
,
,
MODULE 12
,
Software AS version:,0x0104CA42
Software AS checksum:,0x7A2CD716
Software OS version:,0x0104CB42
Software OS checksum:,0xC6B5EEBD
,
Mfg Data:,0x33,0x36,0x34,0x41,0x31,0x35,0x38,0x35,0x47,0x33,0x52,0x45,0x56,0x43,0x2D,0x31,0x34,0x46,0x38,0x38,0x37,0x31,0x0,0x0,0x0,0x0,0x0,0x0,0x0,0x0,0x0,0x0,,
,
Mfg Data (ASCII): 364A1585G3REVC-14F8871..........
,
,
A/D Conversion Error Count:,0
,
<Cell Voltages (V)>
,
,< 2.0,2.0,2.2,2.4,2.6,2.8,3.0,3.2,3.4,3.6,3.8,>= 4.0,,TOTAL
CELL 1,0,0,0,25,17869,852473,3109332,16713121,2473080,597786,33,0,,23763719
CELL 2,0,0,0,16,8365,681093,3169472,17018876,2490845,395052,0,0,,23763719
CELL 3,0,0,0,25,24292,931291,3075409,16619422,2436935,676310,35,0,,23763719
CELL 4,0,0,0,13,5612,636952,3174834,17097544,2485040,363724,0,0,,23763719
CELL 5,0,0,0,20,22079,911945,3081235,16654892,2438675,654843,30,0,,23763719
CELL 6,0,0,0,12,6411,651797,3170884,17081743,2483958,368914,0,0,,23763719
CELL 7,0,0,0,21,22896,923568,3074402,16646497,2436248,660061,26,0,,23763719
CELL 8,0,0,0,12,4795,620663,3176761,17128125,2483272,350091,0,0,,23763719
CELL 9,0,0,0,22,22481,919568,3077361,16645827,2439595,658834,31,0,,23763719
CELL 10,0,0,0,13,5656,635408,3177130,17104866,2487915,352731,0,0,,23763719
CELL 11,0,0,0,12,6477,658131,3176589,17062517,2490431,369562,0,0,,23763719
CELL 12,0,0,0,24,17845,858442,3109496,16710952,2475430,591492,38,0,,23763719
,
<Cell Balancers>
,
,Off,On,,TOTAL
CELL 1,22285688,1478031,,23763719
CELL 2,22230671,1533048,,23763719
CELL 3,22259959,1503760,,23763719
CELL 4,22243976,1519743,,23763719
CELL 5,22245575,1518144,,23763719
CELL 6,22208723,1554996,,23763719
CELL 7,22237329,1526390,,23763719
CELL 8,22218800,1544919,,23763719
CELL 9,22221111,1542608,,23763719
CELL 10,22173714,1590005,,23763719
CELL 11,22170689,1593029,,23763718
CELL 12,22193222,1570496,,23763718
,
<Module Temperatures (deg C)>
,
,< -40.0,-40.0,-35.0,-30.0,-25.0,-20.0,-15.0,-10.0,-5.0,0.0,5.0,10.0,15.0,20.0,25.0,30.0,35.0,40.0,45.0,50.0,55.0,60.0,65.0,70.0,75.0,>= 80.0,,TOTAL
TEMP SENSOR 1,0,0,0,0,0,0,0,0,5316,71088,258826,817612,2897406,5445464,7132972,5695108,1408626,31301,0,0,0,0,0,0,0,0,,23763719
TEMP SENSOR 2,0,0,0,0,0,0,0,0,1886,45425,168460,484601,1063986,2539709,4958224,3302731,10043851,1127136,27710,0,0,0,0,0,0,0,,23763719
,
<Module Voltages (V)>
,
,< 24.0,24.0,26.4,28.8,31.2,33.6,36.0,38.4,40.8,43.2,45.6,>= 48.0,,TOTAL
 ,0,0,0,17,14090,821101,3191231,16832652,2423194,481429,5,0,,23763719
,
,
MODULE 13
,
Software AS version:,0x0104CA42
Software AS checksum:,0x7A2CD716
Software OS version:,0x0104CB42
Software OS checksum:,0xC6B5EEBD
,
Mfg Data:,0x33,0x36,0x34,0x41,0x31,0x35,0x38,0x35,0x47,0x33,0x52,0x45,0x56,0x43,0x2D,0x31,0x34,0x46,0x38,0x38,0x36,0x39,0x0,0x0,0x0,0x0,0x0,0x0,0x0,0x0,0x0,0x0,,
,
Mfg Data (ASCII): 364A1585G3REVC-14F8869..........
,
,
A/D Conversion Error Count:,0
,
<Cell Voltages (V)>
,
,< 2.0,2.0,2.2,2.4,2.6,2.8,3.0,3.2,3.4,3.6,3.8,>= 4.0,,TOTAL
CELL 1,0,0,0,13,13466,809649,3124765,16793880,2466372,555269,8,0,,23763422
CELL 2,0,0,0,7,3745,614459,3193888,17121225,2483618,346480,0,0,,23763422
CELL 3,0,0,0,12,20572,909128,3091157,16651460,2433555,657513,25,0,,23763422
CELL 4,0,0,0,6,3096,604002,3196201,17153768,2476839,329510,0,0,,23763422
CELL 5,0,0,0,11,19612,898885,3093001,16675242,2432839,643819,13,0,,23763422
CELL 6,0,0,0,7,3177,614239,3191724,17136083,2475591,342601,0,0,,23763422
CELL 7,0,0,0,11,20801,915183,3087342,16654346,2428149,657565,25,0,,23763422
CELL 8,0,0,0,7,2641,599685,3194128,17165315,2476032,325614,0,0,,23763422
CELL 9,0,0,0,12,22777,934780,3080105,16624745,2421882,679082,39,0,,23763422
CELL 10,0,0,0,7,3616,628475,3189748,17114896,2476754,349926,0,0,,23763422
CELL 11,0,0,0,8,5502,669314,3185386,17062517,2474969,365726,0,0,,23763422
CELL 12,0,0,0,15,13092,809902,3125142,16805977,2467221,542072,1,0,,23763422
,
<Cell Balancers>
,
,Off,On,,TOTAL
CELL 1,22346730,1416692,,23763422
CELL 2,22303419,1460003,,23763422
CELL 3,22318232,1445190,,23763422
CELL 4,22273194,1490228,,23763422
CELL 5,22309427,1453995,,23763422
CELL 6,22273384,1490038,,23763422
CELL 7,22290538,1472884,,23763422
CELL 8,22252739,1510683,,23763422
CELL 9,22264263,1499159,,23763422
CELL 10,22231207,1532215,,23763422
CELL 11,22212351,1551070,,23763421
CELL 12,22295571,1467850,,23763421
,
<Module Temperatures (deg C)>
,
,< -40.0,-40.0,-35.0,-30.0,-25.0,-20.0,-15.0,-10.0,-5.0,0.0,5.0,10.0,15.0,20.0,25.0,30.0,35.0,40.0,45.0,50.0,55.0,60.0,65.0,70.0,75.0,>= 80.0,,TOTAL
TEMP SENSOR 1,0,0,0,0,0,0,0,0,2187,44703,188560,654290,2426595,5691864,6996349,5941129,1771288,46392,65,0,0,0,0,0,0,0,,23763422
TEMP SENSOR 2,0,0,0,0,0,0,0,0,1599,40803,158082,466487,1055725,2638146,4956702,3294238,10036574,1088521,26545,0,0,0,0,0,0,0,,23763422
,
<Module Voltages (V)>
,
,< 24.0,24.0,26.4,28.8,31.2,33.6,36.0,38.4,40.8,43.2,45.6,>= 48.0,,TOTAL
 ,0,0,0,10,11589,804875,3211360,16867491,2408308,459788,1,0,,23763422
,
,
MODULE 14
,
Software AS version:,0x0104CA42
Software AS checksum:,0x7A2CD716
Software OS version:,0x0104CB42
Software OS checksum:,0xC6B5EEBD
,
Mfg Data:,0x33,0x36,0x34,0x41,0x31,0x35,0x38,0x35,0x47,0x33,0x52,0x45,0x56,0x43,0x2D,0x31,0x34,0x46,0x38,0x38,0x37,0x30,0x0,0x0,0x0,0x0,0x0,0x0,0x0,0x0,0x0,0x0,,
,
Mfg Data (ASCII): 364A1585G3REVC-14F8870..........
,
,
A/D Conversion Error Count:,0
,
<Cell Voltages (V)>
,
,< 2.0,2.0,2.2,2.4,2.6,2.8,3.0,3.2,3.4,3.6,3.8,>= 4.0,,TOTAL
CELL 1,0,0,0,25,21479,897572,3101437,16641789,2466118,635001,58,0,,23763479
CELL 2,0,0,0,14,7701,670916,3175331,17025869,2489235,394413,0,0,,23763479
CELL 3,0,0,0,24,27151,957873,3070174,16579800,2428379,700025,53,0,,23763479
CELL 4,0,0,0,11,6651,653914,3177167,17068216,2483369,374151,0,0,,23763479
CELL 5,0,0,0,22,25812,946781,3073584,16603280,2428128,685834,38,0,,23763479
CELL 6,0,0,0,11,7790,678897,3168422,17037833,2478874,391652,0,0,,23763479
CELL 7,0,0,0,23,26555,956900,3069456,16592317,2426216,691968,44,0,,23763479
CELL 8,0,0,0,11,6205,651815,3174756,17078736,2481638,370318,0,0,,23763479
CELL 9,0,0,0,25,26080,953727,3070467,16594843,2426911,691381,45,0,,23763479
CELL 10,0,0,0,12,7766,680637,3170978,17022852,2485662,395572,0,0,,23763479
CELL 11,0,0,0,15,9016,702134,3168194,17000028,2486357,397735,0,0,,23763479
CELL 12,0,0,13,427,31243,959474,3119775,16496861,2450487,697125,8067,7,,23763479
,
<Cell Balancers>
,
,Off,On,,TOTAL
CELL 1,22377490,1385989,,23763479
CELL 2,22361696,1401783,,23763479
CELL 3,22370417,1393062,,23763479
CELL 4,22360831,1402648,,23763479
CELL 5,22357369,1406110,,23763479
CELL 6,22324688,1438791,,23763479
CELL 7,22338336,1425143,,23763479
CELL 8,22323457,1440022,,23763479
CELL 9,22325976,1437503,,23763479
CELL 10,22288826,1474653,,23763479
CELL 11,22249925,1513553,,23763478
CELL 12,22359049,1404429,,23763478
,
<Module Temperatures (deg C)>
,
,< -40.0,-40.0,-35.0,-30.0,-25.0,-20.0,-15.0,-10.0,-5.0,0.0,5.0,10.0,15.0,20.0,25.0,30.0,35.0,40.0,45.0,50.0,55.0,60.0,65.0,70.0,75.0,>= 80.0,,TOTAL
TEMP SENSOR 1,0,0,0,0,0,0,0,0,2366,45560,190266,575109,1889590,5415681,5921155,7315148,2324915,83621,68,0,0,0,0,0,0,0,,23763479
TEMP SENSOR 2,0,0,0,0,0,0,0,0,1552,37820,151107,465793,1084343,2719673,5022272,3431148,9922365,904411,22995,0,0,0,0,0,0,0,,23763479
,
<Module Voltages (V)>
,
,< 24.0,24.0,26.4,28.8,31.2,33.6,36.0,38.4,40.8,43.2,45.6,>= 48.0,,TOTAL
 ,0,0,0,15,16886,866469,3191843,16766195,2415871,506189,11,0,,23763479
,
,
MODULE 15
,
Software AS version:,0x0104CA42
Software AS checksum:,0x7A2CD716
Software OS version:,0x0104CB42
Software OS checksum:,0xC6B5EEBD
,
Mfg Data:,0x33,0x36,0x34,0x41,0x31,0x35,0x38,0x35,0x47,0x33,0x52,0x45,0x56,0x43,0x2D,0x31,0x34,0x46,0x38,0x38,0x38,0x30,0x0,0x0,0x0,0x0,0x0,0x0,0x0,0x0,0x0,0x0,,
,
Mfg Data (ASCII): 364A1585G3REVC-14F8880..........
,
,
A/D Conversion Error Count:,0
,
<Cell Voltages (V)>
,
,< 2.0,2.0,2.2,2.4,2.6,2.8,3.0,3.2,3.4,3.6,3.8,>= 4.0,,TOTAL
CELL 1,0,0,0,16,13394,808446,3119860,16791932,2471915,558135,5,0,,23763703
CELL 2,0,0,0,10,4528,629457,3185872,17100113,2487685,356038,0,0,,23763703
CELL 3,0,0,0,16,22979,932890,3076640,16623710,2430169,677272,27,0,,23763703
CELL 4,0,0,0,7,4560,639684,3177312,17100973,2477816,363351,0,0,,23763703
CELL 5,0,0,0,14,23533,936117,3074737,16611981,2426514,690777,30,0,,23763703
CELL 6,0,0,0,7,4912,647242,3180264,17084611,2479148,367519,0,0,,23763703
CELL 7,0,0,0,14,22353,927312,3077138,16633701,2430605,672565,15,0,,23763703
CELL 8,0,0,0,7,5048,654317,3181266,17080038,2476224,366803,0,0,,23763703
CELL 9,0,0,0,15,22192,924795,3076601,16636125,2429408,674551,16,0,,23763703
CELL 10,0,0,0,9,6425,680201,3177545,17042338,2477827,379358,0,0,,23763703
CELL 11,0,0,0,11,8403,711464,3177277,17001773,2476239,388536,0,0,,23763703
CELL 12,0,0,0,18,15362,836823,3117768,16757745,2470153,565817,17,0,,23763703
,
<Cell Balancers>
,
,Off,On,,TOTAL
CELL 1,22248320,1515383,,23763703
CELL 2,22179766,1583937,,23763703
CELL 3,22194464,1569239,,23763703
CELL 4,22176108,1587595,,23763703
CELL 5,22202966,1560737,,23763703
CELL 6,22155325,1608378,,23763703
CELL 7,22194872,1568831,,23763703
CELL 8,22123408,1640295,,23763703
CELL 9,22181892,1581811,,23763703
CELL 10,22102795,1660908,,23763703
CELL 11,22105408,1658294,,23763702
CELL 12,22152455,1611247,,23763702
,
<Module Temperatures (deg C)>
,
,< -40.0,-40.0,-35.0,-30.0,-25.0,-20.0,-15.0,-10.0,-5.0,0.0,5.0,10.0,15.0,20.0,25.0,30.0,35.0,40.0,45.0,50.0,55.0,60.0,65.0,70.0,75.0,>= 80.0,,TOTAL
TEMP SENSOR 1,0,0,0,0,0,0,0,0,3334,50502,228733,740829,2687705,5653936,7029847,5802437,1533539,32806,35,0,0,0,0,0,0,0,,23763703
TEMP SENSOR 2,0,0,0,0,0,0,0,0,3426,56058,207522,568959,1321665,3676810,4595438,4192155,8725238,409091,7341,0,0,0,0,0,0,0,,23763703
,
<Module Voltages (V)>
,
,< 24.0,24.0,26.4,28.8,31.2,33.6,36.0,38.4,40.8,43.2,45.6,>= 48.0,,TOTAL
 ,0,0,0,12,12463,805859,3166819,16843134,2438166,497250,0,0,,23763703
,
,
MODULE 16
,
Software AS version:,0x0104CA42
Software AS checksum:,0x7A2CD716
Software OS version:,0x0104CB42
Software OS checksum:,0xC6B5EEBD
,
Mfg Data:,0x33,0x36,0x34,0x41,0x31,0x35,0x38,0x35,0x47,0x33,0x52,0x45,0x56,0x43,0x2D,0x31,0x34,0x46,0x38,0x38,0x37,0x39,0x0,0x0,0x0,0x0,0x0,0x0,0x0,0x0,0x0,0x0,,
,
Mfg Data (ASCII): 364A1585G3REVC-14F8879..........
,
,
A/D Conversion Error Count:,0
,
<Cell Voltages (V)>
,
,< 2.0,2.0,2.2,2.4,2.6,2.8,3.0,3.2,3.4,3.6,3.8,>= 4.0,,TOTAL
CELL 1,0,0,0,37,26182,940349,3099340,16543671,2473999,678510,1473,0,,23763561
CELL 2,0,0,0,21,10254,708975,3168192,16967503,2500619,407996,1,0,,23763561
CELL 3,0,0,0,33,32249,999045,3054893,16514049,2418817,744302,173,0,,23763561
CELL 4,0,0,0,18,11432,739950,3164868,16918617,2493951,434723,2,0,,23763561
CELL 5,0,0,0,30,31647,995795,3053516,16526171,2415802,740494,106,0,,23763561
CELL 6,0,0,0,15,10897,728968,3161497,16957920,2490174,414089,1,0,,23763561
CELL 7,0,0,0,30,31530,997410,3053761,16527746,2414499,738490,95,0,,23763561
CELL 8,0,0,0,14,10490,725790,3161215,16960935,2491771,413345,1,0,,23763561
CELL 9,0,0,0,29,29878,985561,3055709,16546350,2425818,720135,81,0,,23763561
CELL 10,0,0,0,16,9348,701193,3167319,17002135,2494804,388745,1,0,,23763561
CELL 11,0,0,0,21,12803,758082,3161881,16912437,2493470,424861,6,0,,23763561
CELL 12,0,0,0,32,21093,891124,3106005,16663981,2479177,601999,150,0,,23763561
,
<Cell Balancers>
,
,Off,On,,TOTAL
CELL 1,22322244,1441317,,23763561
CELL 2,22255436,1508125,,23763561
CELL 3,22269205,1494356,,23763561
CELL 4,22236228,1527333,,23763561
CELL 5,22264228,1499333,,23763561
CELL 6,22218369,1545192,,23763561
CELL 7,22251100,1512461,,23763561
CELL 8,22217870,1545691,,23763561
CELL 9,22241836,1521725,,23763561
CELL 10,22195384,1568177,,23763561
CELL 11,22194513,1569047,,23763560
CELL 12,22223322,1540238,,23763560
,
<Module Temperatures (deg C)>
,
,< -40.0,-40.0,-35.0,-30.0,-25.0,-20.0,-15.0,-10.0,-5.0,0.0,5.0,10.0,15.0,20.0,25.0,30.0,35.0,40.0,45.0,50.0,55.0,60.0,65.0,70.0,75.0,>= 80.0,,TOTAL
TEMP SENSOR 1,0,0,0,0,0,0,0,0,3034,54956,226657,755447,2465642,5559815,6903270,6147376,1595072,52253,39,0,0,0,0,0,0,0,,23763561
TEMP SENSOR 2,0,0,0,0,0,0,0,0,3161,58886,232440,602978,1378839,3391977,4607673,4425199,8526216,525524,10668,0,0,0,0,0,0,0,,23763561
,
<Module Voltages (V)>
,
,< 24.0,24.0,26.4,28.8,31.2,33.6,36.0,38.4,40.8,43.2,45.6,>= 48.0,,TOTAL
 ,0,0,0,26,19876,895835,3173395,16707717,2432518,534177,17,0,,23763561
